Domain,Status,Attractiveness,Demand,Length,Sectors,Created,Expires,Registrar
one.accountant,available,132,44%,3,"Business,General,Media,Technology",,,
brief.accountant,available,124,19%,5,"Business,Education,General,Law",,,
second.accountant,available,120,23%,6,"General,Mathematics",,,
complete.accountant,available,120,21%,8,"Manufacturing,Retail,Technology",,,
wizard.accountant,available,118,42%,6,"Entertainment,Media,Technology",,,
equal.accountant,available,116,19%,5,"Education,General,Law",,,
flat.accountant,available,116,24%,4,"Construction,Real Estate",,,
tenth.accountant,available,116,7%,5,Mathematics,,,
tonic.accountant,available,114,22%,5,"Health and Fitness,Medicine,Science",,,
zero.accountant,available,112,49%,4,Mathematics,,,
above.accountant,available,112,22%,5,Business,,,
hotshot.accountant,available,112,14%,7,"Business,Entertainment,Sports",,,
acute.accountant,available,112,9%,5,"Mathematics,Medicine,Science",,,
abstract.accountant,available,108,29%,8,"Arts,Humanities,Science",,,
abiding.accountant,available,106,5%,7,"General,Religion",,,
active.accountant,available,104,27%,6,"Health and Fitness,Sports,Travel",,,
teen.accountant,available,104,14%,4,"Education,Entertainment,Healthcare",,,
expert.accountant,available,104,26%,6,"Business,Education,Technology",,,
captive.accountant,available,102,14%,7,"Entertainment,Hospitality,Technology",,,
extra.accountant,available,102,26%,5,"Fashion,Retail,Technology",,,
eight.accountant,available,102,23%,5,"General,Mathematics",,,
absent.accountant,available,102,8%,6,"Business,Education,Technology",,,
crack.accountant,available,100,20%,5,Sports,,,
sixth.accountant,available,100,8%,5,Mathematics,,,
third.accountant,available,100,16%,5,Mathematics,,,
adjunct.accountant,available,100,5%,7,Education,,,
eighth.accountant,available,100,6%,6,Mathematics,,,
remove.accountant,available,100,13%,6,"Construction,Manufacturing,Technology",,,
ninth.accountant,available,100,9%,5,Mathematics,,,
whiz.accountant,available,100,12%,4,"Business,Education,Technology",,,
abrupt.accountant,available,100,3%,6,"Medicine,Science",,,
whizz.accountant,available,98,11%,5,"Business,Education,Technology",,,
genius.accountant,available,98,46%,6,"Arts,Education,Technology",,,
actual.accountant,available,96,22%,6,"Real Estate,Retail,Technology",,,
alamode.accountant,available,96,12%,9,Fashion,,,
doable.accountant,available,96,9%,6,"Business,Education,Technology",,,
academic.accountant,available,96,20%,8,"Education,Humanities,Science",,,
forgiving.accountant,available,96,3%,9,"Healthcare,Religion",,,
about.accountant,available,94,28%,5,"Business,General,Media,Technology",,,
adequate.accountant,available,94,9%,8,"Education,Healthcare,Technology",,,
abject.accountant,available,94,7%,6,Humanities,,,
virtuoso.accountant,available,94,16%,8,"Arts,Entertainment",,,
around.accountant,available,94,22%,6,"Business,General,Media,Technology",,,
twentieth.accountant,available,92,3%,9,Mathematics,,,
next.accountant,available,92,43%,4,"Retail,Technology,Transportation",,,
exemplary.accountant,available,92,5%,9,"Business,Education,Healthcare",,,
derelict.accountant,available,92,7%,8,"Construction,Real Estate",,,
adjective.accountant,available,92,5%,9,Education,,,
abroad.accountant,available,92,12%,6,"Hospitality,Travel",,,
neutral.accountant,available,92,20%,7,"Business,Media,Politics",,,
nought.accountant,available,92,4%,6,Mathematics,,,
adept.accountant,available,92,24%,5,"Education,Health and Fitness,Sports",,,
riveting.accountant,available,90,6%,8,"Entertainment,Media,Technology",,,
adoring.accountant,available,90,2%,7,"Entertainment,Fashion,Retail",,,
clear.accountant,available,90,47%,5,"Manufacturing,Retail,Technology",,,
abortive.accountant,available,90,1%,8,"Medicine,Science",,,
gripping.accountant,available,90,3%,8,"Entertainment,Media,Technology",,,
additional.accountant,available,90,8%,10,"Fashion,Retail,Technology",,,
leash.accountant,available,90,7%,5,"General,Health and Fitness,Retail",,,
endearing.accountant,available,90,1%,9,"Entertainment,Fashion,Retail",,,
addictive.accountant,available,90,9%,9,Healthcare,,,
twelve.accountant,available,88,18%,6,"General,Mathematics",,,
three.accountant,available,88,24%,5,Mathematics,,,
hundred.accountant,available,88,14%,7,Mathematics,,,
sixteen.accountant,available,88,11%,7,Mathematics,,,
activist.accountant,available,88,12%,8,"Humanities,Politics",,,
eleven.accountant,available,88,33%,6,Mathematics,,,
proficient.accountant,available,88,8%,10,"Education,Health and Fitness,Sports",,,
ten.accountant,available,88,28%,3,"General,Mathematics",,,
wide.accountant,available,88,18%,4,"Business,Media,Technology",,,
actionable.accountant,available,88,13%,10,"Business,Law",,,
adlib.accountant,available,88,7%,6,Entertainment,,,
fifteen.accountant,available,88,13%,7,Mathematics,,,
xix.accountant,available,86,11%,3,Mathematics,,,
star.accountant,resell,86,40%,4,"Entertainment,Media,Sports",30/10/2015 10:06,29/10/2027 23:59,"Chengdu West Dimension Digital Technology Co., Ltd."
xiv.accountant,available,86,12%,3,Mathematics,,,
cipher.accountant,available,86,29%,6,Mathematics,,,
aboriginal.accountant,available,86,10%,10,Humanities,,,
recondite.accountant,available,86,4%,9,"Arts,Humanities,Science",,,
extempore.accountant,available,86,3%,9,Entertainment,,,
adolescent.accountant,available,86,3%,10,"Education,Entertainment,Healthcare",,,
intent.accountant,available,86,25%,6,"Business,Education,Technology",,,
attendant.accountant,available,86,5%,9,"Healthcare,Hospitality,Transportation",,,
engrossing.accountant,available,86,0%,10,"Entertainment,Media,Technology",,,
deviate.accountant,available,84,12%,7,"Medicine,Science",,,
adjustable.accountant,available,84,3%,10,"Manufacturing,Retail,Technology",,,
thirteen.accountant,available,84,10%,8,Mathematics,,,
sharp.accountant,available,84,34%,5,"Arts,Fashion",,,
nineteen.accountant,available,84,8%,8,Mathematics,,,
grand.accountant,available,84,25%,5,"Finance,General",,,
acting.accountant,available,84,12%,6,Entertainment,,,
twentyone.accountant,available,84,13%,10,Mathematics,,,
fourteen.accountant,available,84,8%,8,Mathematics,,,
twentytwo.accountant,available,84,11%,10,Mathematics,,,
accessory.accountant,available,84,8%,9,"Fashion,Retail,Technology",,,
seventeen.accountant,available,84,7%,9,Mathematics,,,
thousand.accountant,available,84,8%,8,Mathematics,,,
abroach.accountant,available,82,1%,7,Food and Beverage,,,
abenaki.accountant,available,82,2%,7,Geography,,,
decade.accountant,available,82,10%,6,Mathematics,,,
altered.accountant,available,82,9%,7,"Medicine,Science",,,
abkhaz.accountant,available,82,1%,6,Geography,,,
dozen.accountant,available,82,10%,5,Mathematics,,,
impromptu.accountant,available,82,16%,9,Entertainment,,,
fivesome.accountant,available,82,1%,8,Sports,,,
absorbent.accountant,available,82,3%,9,"Healthcare,Manufacturing,Retail",,,
cleansing.accountant,available,82,3%,9,Health and Fitness,,,
good.accountant,available,82,47%,4,"Food and Beverage,General,Health and Fitness,Retail",,,
enduring.accountant,available,82,9%,8,"Health and Fitness,Religion",,,
abdominal.accountant,available,82,1%,9,"Health and Fitness,Medicine",,,
dorsal.accountant,available,80,6%,6,"Medicine,Science",,,
yard.accountant,available,80,26%,4,"Construction,General",,,
absurd.accountant,available,80,16%,6,"Arts,Entertainment,Media",,,
trio.accountant,available,80,21%,4,Entertainment,,,
abundant.accountant,available,80,19%,8,"Agriculture,Manufacturing,Retail",,,
absolute.accountant,available,80,25%,8,"Engineering,Mathematics,Science",,,
forty.accountant,available,80,9%,5,Mathematics,,,
sequent.accountant,available,80,7%,7,"Healthcare,Insurance,Transportation",,,
nine.accountant,available,80,24%,4,"General,Mathematics",,,
first.accountant,available,80,36%,5,"General,Mathematics",,,
some.accountant,available,80,32%,4,"Business,Media,Retail",,,
worshipful.accountant,available,80,1%,10,"Education,Healthcare,Religion",,,
capable.accountant,available,80,12%,7,"Business,Education,Technology",,,
absorbable.accountant,available,80,0%,10,"Healthcare,Pharmaceuticals,Science",,,
superstar.accountant,available,80,18%,9,Entertainment,,,
two.accountant,available,80,24%,3,Mathematics,,,
wiz.accountant,available,80,30%,3,"Business,Education,Technology",,,
seventh.accountant,available,80,10%,7,Mathematics,,,
adoptable.accountant,available,80,3%,9,"Education,Healthcare",,,
able.accountant,available,80,29%,4,"Business,Education,General,Technology",,,
twenty.accountant,available,80,12%,6,Mathematics,,,
accepted.accountant,available,78,6%,8,"Business,Education,Technology",,,
abkhazian.accountant,available,78,1%,9,Geography,,,
acceptant.accountant,available,78,1%,9,"Education,Healthcare",,,
dormant.accountant,available,78,4%,7,"Medicine,Science",,,
recognised.accountant,available,78,3%,10,"Business,Education,Technology",,,
athletic.accountant,available,78,15%,8,"Health and Fitness,Sports",,,
sixtynine.accountant,available,78,8%,10,Mathematics,,,
adrenal.accountant,available,78,4%,7,"Education,Healthcare,Science",,,
accessible.accountant,available,78,21%,10,"Healthcare,Retail,Technology",,,
accidental.accountant,available,78,11%,10,"Healthcare,Insurance,Transportation",,,
abkhasian.accountant,available,78,1%,9,Geography,,,
acceptable.accountant,available,78,5%,10,"Business,Hospitality,Retail",,,
low.accountant,available,78,20%,3,"Business,Finance",,,
abounding.accountant,available,78,2%,9,Agriculture,,,
accurate.accountant,available,78,16%,8,"Engineering,Mathematics,Science",,,
recognized.accountant,available,78,3%,10,"Business,Education,Technology",,,
twentysix.accountant,available,78,8%,10,Mathematics,,,
adorable.accountant,available,78,8%,8,"Entertainment,Fashion,Retail",,,
adjacent.accountant,available,78,9%,8,"Construction,Real Estate,Retail",,,
absorptive.accountant,available,78,1%,10,"Healthcare,Manufacturing,Retail",,,
honestly.accountant,available,78,9%,8,"Business,Law",,,
eighteen.accountant,available,76,7%,8,Mathematics,,,
fifteenth.accountant,available,76,2%,9,Mathematics,,,
improvise.accountant,available,76,4%,9,Entertainment,,,
ancillary.accountant,available,76,6%,9,"Healthcare,Manufacturing,Technology",,,
abrasive.accountant,available,76,6%,8,"Construction,Manufacturing",,,
obscene.accountant,available,76,5%,7,"Entertainment,Media",,,
thirteenth.accountant,available,76,4%,10,Mathematics,,,
thousandth.accountant,available,76,1%,10,Mathematics,,,
hundredth.accountant,available,76,1%,9,Mathematics,,,
adherent.accountant,available,76,4%,8,"Politics,Religion",,,
firstrate.accountant,available,76,6%,10,Business,,,
energizing.accountant,available,76,3%,10,"Food and Beverage,Health and Fitness,Travel",,,
diamond.accountant,available,76,32%,7,Fashion,,,
nineteenth.accountant,available,76,3%,10,Mathematics,,,
ague.accountant,available,76,2%,4,"Geography,Medicine,Science",,,
adhesive.accountant,available,76,7%,8,"Construction,Manufacturing,Technology",,,
auxiliary.accountant,available,76,7%,9,"Healthcare,Manufacturing,Technology",,,
adaptable.accountant,available,76,9%,9,"Business,Education,Technology",,,
adaptive.accountant,available,76,28%,8,"Business,Education,Technology",,,
threed.accountant,available,76,7%,7,Technology,,,
fourteenth.accountant,available,76,1%,10,Mathematics,,,
adipose.accountant,available,76,2%,7,"Healthcare,Science",,,
addable.accountant,available,76,2%,7,"Engineering,Mathematics,Science",,,
resultant.accountant,available,76,2%,9,"Healthcare,Insurance,Transportation",,,
acoustic.accountant,available,76,14%,8,Science,,,
incidental.accountant,available,76,4%,10,"Healthcare,Insurance,Transportation",,,
ventral.accountant,available,76,3%,7,Science,,,
adrenergic.accountant,available,74,1%,10,"Education,Healthcare,Science",,,
skilful.accountant,available,74,3%,7,"Education,Health and Fitness,Sports",,,
cleared.accountant,available,74,7%,7,"Healthcare,Law,Transportation",,,
abnormal.accountant,available,74,16%,8,"Medicine,Science",,,
achievable.accountant,available,74,4%,10,"Business,Education,Technology",,,
aberrant.accountant,available,74,6%,8,"Medicine,Science",,,
supra.accountant,available,74,25%,5,"Medicine,Science",,,
sensation.accountant,available,74,7%,9,"Entertainment,Media,Sports",,,
broad.accountant,available,74,13%,5,"Entertainment,General,Media",,,
playing.accountant,available,74,12%,7,Entertainment,,,
adapted.accountant,available,74,6%,7,"Healthcare,Manufacturing,Technology",,,
mavin.accountant,available,74,7%,5,"Entertainment,Fashion,Technology",,,
adamant.accountant,available,74,14%,7,Religion,,,
accepting.accountant,available,74,3%,9,"Education,Healthcare",,,
adenoid.accountant,available,74,1%,7,"Health and Fitness,Medicine,Science",,,
admirable.accountant,available,74,5%,9,"Business,Education,Healthcare",,,
manageable.accountant,available,74,4%,10,"Business,Education,Technology",,,
acuate.accountant,available,74,2%,6,"Engineering,Medicine,Science",,,
realizable.accountant,available,74,1%,10,"Business,Education,Technology",,,
activated.accountant,available,74,9%,9,"Healthcare,Manufacturing,Technology",,,
single.accountant,available,74,19%,6,Sports,,,
adaptative.accountant,available,72,1%,10,"Business,Education,Technology",,,
improvize.accountant,available,72,1%,9,Entertainment,,,
champion.accountant,available,72,28%,8,"Entertainment,Health and Fitness,Sports",,,
deep.accountant,available,72,41%,4,"Engineering,Mathematics,Science",,,
liv.accountant,available,72,27%,3,Mathematics,,,
adonic.accountant,available,72,2%,6,"Arts,Education,Entertainment",,,
trinity.accountant,available,72,18%,7,Religion,,,
abreast.accountant,available,72,2%,7,"Business,Technology",,,
engrossed.accountant,available,72,1%,9,"Entertainment,Media,Technology",,,
absorbed.accountant,available,72,2%,8,"Entertainment,Media,Technology",,,
accustomed.accountant,available,72,1%,10,"Business,Education,Humanities",,,
ninetieth.accountant,available,72,1%,9,Mathematics,,,
seventieth.accountant,available,72,1%,10,Mathematics,,,
adiabatic.accountant,available,72,3%,9,"Engineering,Science",,,
abloom.accountant,available,72,5%,6,Agriculture,,,
addicted.accountant,available,72,9%,8,Healthcare,,,
ablaze.accountant,available,72,6%,6,Entertainment,,,
eightieth.accountant,available,72,1%,9,Mathematics,,,
absolutist.accountant,available,72,1%,10,"Humanities,Law,Politics",,,
ternary.accountant,available,72,7%,7,Mathematics,,,
adjunctive.accountant,available,72,1%,10,"Healthcare,Manufacturing,Technology",,,
aching.accountant,available,72,4%,6,Healthcare,,,
accusative.accountant,available,72,0%,10,"Humanities,Law",,,
adjectival.accountant,available,72,1%,10,Education,,,
trey.accountant,available,72,14%,4,Sports,,,
existent.accountant,available,72,3%,8,"Mathematics,Science",,,
sixtieth.accountant,available,72,1%,8,Mathematics,,,
lovely.accountant,available,72,26%,6,"Entertainment,Fashion,Retail",,,
offhand.accountant,available,70,2%,7,Entertainment,,,
tiptop.accountant,available,70,24%,6,Fashion,,,
lowdown.accountant,available,70,6%,8,"Entertainment,Media",,,
adored.accountant,available,70,6%,6,"Entertainment,Fashion,Retail",,,
adjusted.accountant,available,70,5%,8,"Manufacturing,Retail,Technology",,,
skillful.accountant,available,70,9%,8,"Education,Health and Fitness,Sports",,,
practiced.accountant,available,70,3%,9,"Education,Health and Fitness,Sports",,,
consequent.accountant,available,70,3%,10,"Business,Education,General,Technology",,,
absorbing.accountant,available,70,3%,9,"Entertainment,Media,Technology",,,
gymnastic.accountant,available,70,3%,9,"Entertainment,Sports",,,
accumbent.accountant,available,70,1%,9,"Healthcare,Medicine,Science",,,
unity.accountant,available,70,40%,5,Mathematics,,,
adamantine.accountant,available,70,4%,10,Religion,,,
recumbent.accountant,available,70,2%,9,"Healthcare,Medicine,Science",,,
stillborn.accountant,available,70,2%,9,"Medicine,Science",,,
abradant.accountant,available,70,1%,8,"Construction,Manufacturing",,,
abulic.accountant,available,70,1%,6,Medicine,,,
admired.accountant,available,70,5%,7,"Business,Education,Healthcare",,,
acuminate.accountant,available,70,1%,9,"Engineering,Medicine,Science",,,
fortieth.accountant,available,68,0%,8,Mathematics,,,
acerate.accountant,available,68,1%,7,Science,,,
ennead.accountant,available,68,5%,6,Mathematics,,,
ane.accountant,available,68,12%,3,Mathematics,,,
abkhas.accountant,available,68,0%,6,Geography,,,
octonary.accountant,available,68,1%,8,Mathematics,,,
ablative.accountant,available,68,3%,8,Science,,,
fiftieth.accountant,available,68,0%,8,Mathematics,,,
sevener.accountant,available,68,1%,7,Mathematics,,,
accredited.accountant,available,68,9%,10,"Business,Education,Healthcare",,,
licenced.accountant,available,68,2%,8,"Business,Healthcare,Insurance",,,
aberdonian.accountant,available,68,1%,10,Geography,,,
abducent.accountant,available,68,0%,8,Medicine,,,
achaian.accountant,available,68,2%,7,Humanities,,,
scurvy.accountant,available,68,3%,6,Humanities,,,
aroused.accountant,available,68,3%,7,"Entertainment,Health and Fitness",,,
overseas.accountant,available,68,12%,8,"Hospitality,Travel",,,
vindicated.accountant,available,68,2%,10,"Humanities,Law,Politics",,,
foursome.accountant,available,68,4%,8,Sports,,,
decorated.accountant,available,68,3%,9,"Entertainment,Fashion,Retail",,,
licensed.accountant,available,68,5%,8,"Business,Healthcare,Insurance",,,
thirtieth.accountant,available,68,1%,9,Mathematics,,,
achaean.accountant,available,68,2%,7,Humanities,,,
stygian.accountant,available,68,5%,7,Humanities,,,
septenary.accountant,available,68,1%,9,Mathematics,,,
abnaki.accountant,available,68,1%,6,Geography,,,
threesome.accountant,available,68,5%,9,Entertainment,,,
disciple.accountant,available,68,14%,8,"Education,Religion",,,
aculeate.accountant,available,68,1%,8,"Engineering,Medicine,Science",,,
activating.accountant,available,68,3%,10,"Healthcare,Manufacturing,Technology",,,
adopted.accountant,available,66,4%,7,"Education,Healthcare",,,
accessary.accountant,available,66,1%,9,"Business,Law,Technology",,,
deuce.accountant,available,66,9%,5,Sports,,,
eighty.accountant,available,66,6%,6,Mathematics,,,
xvi.accountant,available,66,5%,3,Mathematics,,,
ninety.accountant,available,66,11%,6,Mathematics,,,
abstinent.accountant,available,66,1%,9,"Health and Fitness,Religion",,,
thirty.accountant,available,66,8%,6,Mathematics,,,
acervate.accountant,available,66,1%,8,Science,,,
fifty.accountant,available,66,12%,5,Mathematics,,,
latest.accountant,available,66,18%,6,Technology,,,
onec.accountant,available,66,6%,5,Mathematics,,,
xxi.accountant,available,66,10%,3,Mathematics,,,
maven.accountant,available,66,30%,5,"Entertainment,Fashion,Technology",,,
adorned.accountant,available,66,5%,7,"Entertainment,Fashion,Retail",,,
tenner.accountant,available,66,5%,6,Finance,,,
xiii.accountant,available,66,9%,4,Mathematics,,,
buzzing.accountant,available,66,7%,7,"Entertainment,Media,Technology",,,
xvii.accountant,available,66,5%,4,Mathematics,,,
five.accountant,available,66,26%,4,Mathematics,,,
sextet.accountant,available,66,1%,6,Entertainment,,,
xxvi.accountant,available,66,3%,4,Mathematics,,,
acrobatic.accountant,available,66,4%,9,"Entertainment,Sports",,,
teenager.accountant,available,66,4%,8,"Education,Entertainment,Healthcare",,,
four.accountant,available,66,27%,4,Mathematics,,,
century.accountant,available,66,17%,7,Education,,,
clv.accountant,available,66,10%,3,Mathematics,,,
xxv.accountant,available,66,6%,3,Mathematics,,,
exonerated.accountant,available,66,2%,10,"Humanities,Law,Politics",,,
six.accountant,available,66,26%,3,Mathematics,,,
modish.accountant,available,66,5%,6,Fashion,,,
acappella.accountant,available,66,6%,10,Entertainment,,,
xviii.accountant,available,66,5%,5,Mathematics,,,
xii.accountant,available,66,10%,3,Mathematics,,,
performing.accountant,available,66,6%,10,Entertainment,,,
according.accountant,available,66,3%,9,"Business,Education,Technology",,,
xxii.accountant,available,66,6%,4,Mathematics,,,
adagio.accountant,available,64,14%,6,Entertainment,,,
absolved.accountant,available,64,1%,8,"Humanities,Law,Religion",,,
deviant.accountant,available,64,12%,7,"Medicine,Science",,,
scatty.accountant,available,64,1%,6,"Arts,Entertainment,Media",,,
ccc.accountant,available,64,38%,3,Mathematics,,,
aflame.accountant,available,64,3%,6,Entertainment,,,
acentric.accountant,available,64,2%,8,Science,,,
nondrinker.accountant,available,64,1%,10,"Health and Fitness,Religion",,,
rising.accountant,available,64,18%,6,"Construction,Manufacturing,Real Estate",,,
astringent.accountant,available,64,1%,10,"Healthcare,Pharmaceuticals",,,
accordant.accountant,available,64,3%,9,"Arts,Entertainment",,,
eleventh.accountant,available,62,5%,8,Mathematics,,,
ensuant.accountant,available,62,1%,7,"Healthcare,Insurance,Transportation",,,
abo.accountant,available,62,15%,3,Science,,,
activistic.accountant,available,62,1%,10,"Humanities,Politics",,,
acidic.accountant,available,62,5%,6,"Food and Beverage,Science",,,
wrapped.accountant,available,62,13%,7,"Fashion,Hospitality,Retail",,,
admissible.accountant,available,62,1%,10,"Education,Healthcare,Law",,,
aborigine.accountant,available,62,1%,9,Humanities,,,
longdozen.accountant,available,62,2%,10,Mathematics,,,
adjuvant.accountant,available,62,5%,8,"Healthcare,Manufacturing,Technology",,,
fortyfour.accountant,available,62,6%,10,Mathematics,,,
activation.accountant,available,62,16%,10,"Healthcare,Manufacturing,Technology",,,
eighteenth.accountant,available,62,1%,10,Mathematics,,,
adoptive.accountant,available,62,1%,8,"Education,Healthcare",,,
accusing.accountant,available,62,1%,8,Law,,,
nail.accountant,available,62,16%,4,"Construction,Fashion,General,Retail",,,
sixteenth.accountant,available,62,1%,9,Mathematics,,,
troika.accountant,available,62,8%,6,Politics,,,
playacting.accountant,available,62,1%,10,Entertainment,,,
quartet.accountant,available,62,7%,7,"Arts,Entertainment",,,
accrued.accountant,available,62,2%,7,"Banking,Finance,Insurance",,,
pungent.accountant,available,62,1%,7,Food and Beverage,,,
twodozen.accountant,available,62,1%,9,Mathematics,,,
cumulative.accountant,available,62,2%,10,"Banking,Finance,Insurance",,,
roughly.accountant,available,62,3%,7,"Business,Media,Technology",,,
aufait.accountant,available,62,3%,7,"Fashion,Media",,,
chiliad.accountant,available,62,2%,7,Mathematics,,,
exculpated.accountant,available,62,1%,10,"Humanities,Law,Politics",,,
orso.accountant,available,62,9%,5,"Business,Media,Technology",,,
clxxv.accountant,available,60,1%,5,Mathematics,,,
idolized.accountant,available,60,3%,8,"Entertainment,Fashion,Retail",,,
cxxv.accountant,available,60,1%,4,Mathematics,,,
tertiary.accountant,available,60,4%,8,Education,,,
paunchy.accountant,available,60,0%,7,"Health and Fitness,Medicine",,,
cxl.accountant,available,60,7%,3,Mathematics,,,
adnate.accountant,available,60,1%,6,"Agriculture,Manufacturing,Retail",,,
cxlv.accountant,available,60,2%,4,Mathematics,,,
eightysix.accountant,available,60,7%,10,Mathematics,,,
abashed.accountant,available,60,1%,7,Humanities,,,
cxx.accountant,available,60,10%,3,Mathematics,,,
cxxx.accountant,available,60,4%,4,Mathematics,,,
abstainer.accountant,available,60,0%,9,"Health and Fitness,Religion",,,
abstemious.accountant,available,60,0%,10,"Food and Beverage,Health and Fitness,Hospitality",,,
clxxx.accountant,available,60,1%,5,Mathematics,,,
sixty.accountant,available,60,13%,5,Mathematics,,,
xcl.accountant,available,60,5%,3,Mathematics,,,
annexal.accountant,available,60,1%,7,"Agriculture,Manufacturing,Retail",,,
adnexal.accountant,available,60,1%,7,"Agriculture,Manufacturing,Retail",,,
idolised.accountant,available,60,1%,8,"Entertainment,Fashion,Retail",,,
acceptive.accountant,available,60,1%,9,"Education,Healthcare",,,
aboveboard.accountant,available,60,5%,10,"Business,Law",,,
cxv.accountant,available,60,4%,3,Mathematics,,,
clx.accountant,available,60,10%,3,Mathematics,,,
cxxxv.accountant,available,60,2%,5,Mathematics,,,
clxv.accountant,available,60,1%,4,Mathematics,,,
octet.accountant,available,60,12%,5,Arts,,,
thou.accountant,available,60,7%,4,Mathematics,,,
clxx.accountant,available,60,3%,4,Mathematics,,,
cautionary.accountant,available,60,1%,10,"Business,Education,Healthcare",,,
tercet.accountant,available,59,2%,6,"Arts,Entertainment,Media",,,
enwrapped.accountant,available,58,0%,9,"Entertainment,Fashion,Media",,,
accretive.accountant,available,58,6%,9,"Banking,Finance,Insurance",,,
abridged.accountant,available,58,4%,8,Media,,,
abandoned.accountant,available,58,10%,9,"Construction,Real Estate",,,
sextuplet.accountant,available,58,1%,9,Healthcare,,,
abuzz.accountant,available,58,5%,5,"Entertainment,Media,Technology",,,
sixtyone.accountant,available,58,3%,9,Mathematics,,,
pentad.accountant,available,58,2%,6,Mathematics,,,
adient.accountant,available,58,4%,6,"Medicine,Science",,,
hexad.accountant,available,58,4%,5,Mathematics,,,
acyclic.accountant,available,58,4%,7,"Engineering,Mathematics,Science",,,
seventy.accountant,available,58,7%,7,Mathematics,,,
alacarte.accountant,available,58,11%,10,Food and Beverage,,,
offhanded.accountant,available,58,1%,9,Entertainment,,,
eighter.accountant,available,58,2%,7,Mathematics,,,
accented.accountant,available,58,3%,8,"Arts,Entertainment",,,
twelfth.accountant,available,58,2%,7,Mathematics,,,
abused.accountant,available,58,5%,6,"Healthcare,Law",,,
super.accountant,available,58,47%,5,Business,,,
aucourant.accountant,available,58,3%,10,"Fashion,Media",,,
cypher.accountant,available,58,29%,6,Mathematics,,,
fifth.accountant,available,58,12%,5,Mathematics,,,
fourth.accountant,available,58,13%,6,Mathematics,,,
tetrad.accountant,available,58,5%,6,Mathematics,,,
adjustive.accountant,available,58,1%,9,"Manufacturing,Retail,Technology",,,
actuarial.accountant,available,58,8%,9,"Finance,Insurance,Mathematics",,,
octad.accountant,available,58,5%,5,Mathematics,,,
acetic.accountant,available,58,1%,6,"Food and Beverage,Science",,,
closeto.accountant,available,58,3%,8,"Business,Media,Technology",,,
ache.accountant,available,58,7%,4,Healthcare,,,
addressed.accountant,available,58,3%,9,"Business,Technology,Telecommunications",,,
fourscore.accountant,available,58,4%,9,Mathematics,,,
niner.accountant,available,58,5%,5,Mathematics,,,
accoutred.accountant,available,58,1%,9,"Fashion,Manufacturing,Retail",,,
lxxviii.accountant,available,58,1%,7,Mathematics,,,
seven.accountant,available,58,36%,5,Mathematics,,,
sixer.accountant,available,58,5%,5,Sports,,,
quintet.accountant,available,58,8%,7,"Arts,Entertainment",,,
lxxx.accountant,available,58,2%,4,Mathematics,,,
addible.accountant,available,58,2%,7,"Engineering,Mathematics,Science",,,
centesimal.accountant,available,58,1%,10,Mathematics,,,
adhoc.accountant,available,58,24%,6,"Business,Engineering,Technology",,,
justabout.accountant,available,58,3%,10,"Business,Media,Technology",,,
heptad.accountant,available,58,1%,6,Mathematics,,,
linear.accountant,available,58,22%,6,"Engineering,Mathematics,Science",,,
liii.accountant,available,56,4%,4,Mathematics,,,
aone.accountant,available,56,15%,5,Food and Beverage,,,
fortytwo.accountant,available,56,17%,9,Mathematics,,,
lvii.accountant,available,56,1%,4,Mathematics,,,
fiftyfour.accountant,available,56,3%,10,Mathematics,,,
xxxiv.accountant,available,56,1%,5,Mathematics,,,
addled.accountant,available,56,2%,6,Entertainment,,,
fiftyone.accountant,available,56,7%,9,Mathematics,,,
accoutered.accountant,available,56,0%,10,"Fashion,Manufacturing,Retail",,,
fortysix.accountant,available,56,3%,9,Mathematics,,,
xli.accountant,available,56,5%,3,Mathematics,,,
xxxv.accountant,available,56,4%,4,Mathematics,,,
xxix.accountant,available,56,4%,4,Mathematics,,,
xxxvi.accountant,available,56,1%,5,Mathematics,,,
xxxvii.accountant,available,56,2%,6,Mathematics,,,
xliii.accountant,available,56,1%,5,Mathematics,,,
fiftyfive.accountant,available,56,7%,10,Mathematics,,,
fortyone.accountant,available,56,4%,9,Mathematics,,,
lvi.accountant,available,56,8%,3,Mathematics,,,
terzetto.accountant,available,56,3%,8,Arts,,,
appressed.accountant,available,56,0%,9,"Agriculture,Manufacturing,Retail",,,
xlv.accountant,available,56,6%,3,Mathematics,,,
fiftynine.accountant,available,56,4%,10,Mathematics,,,
xxxiii.accountant,available,56,2%,6,Mathematics,,,
xlvi.accountant,available,56,3%,4,Mathematics,,,
fiftysix.accountant,available,56,4%,9,Mathematics,,,
xliv.accountant,available,56,2%,4,Mathematics,,,
admissive.accountant,available,56,1%,9,"Education,Healthcare,Hospitality",,,
maledict.accountant,available,56,1%,8,Religion,,,
thirtyone.accountant,available,56,5%,10,Mathematics,,,
xxiv.accountant,available,56,5%,4,Mathematics,,,
xxxi.accountant,available,56,9%,4,Mathematics,,,
fortynine.accountant,available,56,3%,10,Mathematics,,,
xxxviii.accountant,available,56,1%,7,Mathematics,,,
fiftytwo.accountant,available,56,6%,9,Mathematics,,,
admittable.accountant,available,56,1%,10,"Education,Healthcare,Hospitality",,,
abdominous.accountant,available,56,0%,10,"Health and Fitness,Medicine",,,
triad.accountant,available,56,15%,5,Arts,,,
xlvii.accountant,available,56,2%,5,Mathematics,,,
halfdozen.accountant,available,56,1%,10,Mathematics,,,
thirtysix.accountant,available,56,5%,10,Mathematics,,,
lii.accountant,available,56,7%,3,Mathematics,,,
abeyant.accountant,available,56,1%,7,"Business,Law",,,
xlviii.accountant,available,56,1%,6,Mathematics,,,
xxvii.accountant,available,56,3%,5,Mathematics,,,
xxiii.accountant,available,56,5%,5,Mathematics,,,
xxviii.accountant,available,56,1%,6,Mathematics,,,
thirtytwo.accountant,available,56,5%,10,Mathematics,,,
xlii.accountant,available,56,5%,4,Mathematics,,,
xxxii.accountant,available,56,1%,5,Mathematics,,,
ilx.accountant,available,56,5%,3,Mathematics,,,
potbellied.accountant,available,56,0%,10,"Health and Fitness,Medicine",,,
admittible.accountant,available,56,1%,10,"Education,Healthcare,Hospitality",,,
lviii.accountant,available,56,1%,5,Mathematics,,,
abient.accountant,available,54,1%,6,Science,,,
abducens.accountant,available,54,1%,8,Medicine,,,
achy.accountant,available,54,3%,4,Healthcare,,,
quaternion.accountant,available,54,6%,10,Mathematics,,,
adjuratory.accountant,available,54,0%,10,"Law,Politics,Religion",,,
quintuplet.accountant,available,54,1%,10,"Healthcare,Medicine,Science",,,
twoscore.accountant,available,54,2%,8,Mathematics,,,
accentual.accountant,available,54,3%,9,"Arts,Entertainment",,,
abaxial.accountant,available,54,1%,7,Science,,,
adpressed.accountant,available,54,0%,9,"Agriculture,Manufacturing,Retail",,,
achromatic.accountant,available,54,4%,10,Science,,,
adaxial.accountant,available,54,2%,7,Science,,,
ternion.accountant,available,54,3%,7,Mathematics,,,
sise.accountant,available,54,5%,4,Mathematics,,,
topnotch.accountant,available,54,18%,8,Business,,,
admonitory.accountant,available,54,0%,10,"Business,Education,Healthcare",,,
abhorrent.accountant,available,54,1%,9,Humanities,,,
aboral.accountant,available,54,2%,6,Science,,,
scratchy.accountant,available,54,3%,8,Fashion,,,
fortyfive.accountant,available,54,4%,10,Mathematics,,,
abatable.accountant,available,54,1%,8,Law,,,
fin.accountant,available,54,30%,3,Finance,,,
acoustical.accountant,available,54,4%,10,Science,,,
quaternity.accountant,available,54,4%,10,Mathematics,,,
abatic.accountant,available,54,1%,6,Science,,,
viii.accountant,available,54,6%,4,Mathematics,,,
monitory.accountant,available,54,3%,8,"Business,Education,Healthcare",,,
iii.accountant,available,54,24%,3,Mathematics,,,
accursed.accountant,available,54,3%,8,"Entertainment,Media,Religion",,,
vii.accountant,available,54,13%,3,Mathematics,,,
deserted.accountant,available,54,3%,8,"Hospitality,Real Estate",,,
adducent.accountant,available,54,1%,8,"Engineering,Mathematics,Science",,,
adducting.accountant,available,54,1%,9,"Engineering,Mathematics,Science",,,
deuceace.accountant,available,54,2%,9,Sports,,,
actuated.accountant,available,54,2%,8,"Automotive,Manufacturing,Technology",,,
adductive.accountant,available,54,0%,9,"Engineering,Mathematics,Science",,,
unnatural.accountant,available,54,4%,9,"Medicine,Science",,,
abasic.accountant,available,54,1%,6,Science,,,
quatern.accountant,available,54,2%,7,Mathematics,,,
quadruplet.accountant,available,54,1%,10,"Healthcare,Medicine,Science",,,
threescore.accountant,available,54,1%,10,Mathematics,,,
sestet.accountant,available,53,1%,6,Arts,,,
xxx.accountant,available,53,30%,3,"Arts,Entertainment,Media",,,
septet.accountant,available,53,1%,6,General,,,
lxv.accountant,available,52,5%,3,Mathematics,,,
ixl.accountant,available,52,9%,3,Mathematics,,,
lxiv.accountant,available,52,3%,4,Mathematics,,,
xcvi.accountant,available,52,2%,4,Mathematics,,,
xcviii.accountant,available,52,1%,6,Mathematics,,,
littlejoe.accountant,available,52,2%,10,"Entertainment,Media",,,
abysmal.accountant,available,52,4%,7,"Arts,Entertainment,Media",,,
aboulic.accountant,available,52,1%,7,Medicine,,,
tierce.accountant,available,52,3%,6,General,,,
xci.accountant,available,52,4%,3,Mathematics,,,
lxxiv.accountant,available,52,1%,5,Mathematics,,,
detestable.accountant,available,52,1%,10,Humanities,,,
repugnant.accountant,available,52,1%,9,Humanities,,,
lxxxiii.accountant,available,52,1%,7,Mathematics,,,
ablated.accountant,available,52,1%,7,Science,,,
lxxvii.accountant,available,52,2%,6,Mathematics,,,
ninetytwo.accountant,available,52,4%,10,Mathematics,,,
lxvi.accountant,available,52,3%,4,Mathematics,,,
sixtytwo.accountant,available,52,3%,9,Mathematics,,,
ninetysix.accountant,available,52,4%,10,Mathematics,,,
abusive.accountant,available,52,3%,7,"Healthcare,Law",,,
lxviii.accountant,available,52,1%,6,Mathematics,,,
lxxxv.accountant,available,52,1%,5,Mathematics,,,
lxxvi.accountant,available,52,1%,5,Mathematics,,,
abominable.accountant,available,52,2%,10,"Entertainment,Humanities",,,
abstruse.accountant,available,52,5%,8,"Humanities,Mathematics,Science",,,
lxxv.accountant,available,52,1%,4,Mathematics,,,
eightytwo.accountant,available,52,4%,10,Mathematics,,,
lxxiii.accountant,available,52,1%,6,Mathematics,,,
xciii.accountant,available,52,1%,5,Mathematics,,,
xcv.accountant,available,52,7%,3,Mathematics,,,
odious.accountant,available,52,2%,6,"Entertainment,Humanities",,,
adenoidal.accountant,available,52,1%,9,"Health and Fitness,Medicine,Science",,,
lxi.accountant,available,52,5%,3,Mathematics,,,
lxxxiv.accountant,available,52,1%,6,Mathematics,,,
uphill.accountant,available,52,7%,6,"Sports,Transportation,Travel",,,
xciv.accountant,available,52,2%,4,Mathematics,,,
lxxxii.accountant,available,52,1%,6,Mathematics,,,
lxxxi.accountant,available,52,1%,5,Mathematics,,,
chagrined.accountant,available,52,1%,9,Humanities,,,
sixtysix.accountant,available,52,4%,9,Mathematics,,,
lxxi.accountant,available,52,1%,4,Mathematics,,,
lxii.accountant,available,52,1%,4,Mathematics,,,
xcvii.accountant,available,52,1%,5,Mathematics,,,
repulsive.accountant,available,52,1%,9,Humanities,,,
lxxxvi.accountant,available,52,1%,6,Mathematics,,,
lxiii.accountant,available,52,2%,5,Mathematics,,,
xcii.accountant,available,52,2%,4,Mathematics,,,
sixtyfour.accountant,available,52,3%,10,Mathematics,,,
ixc.accountant,available,52,5%,3,Mathematics,,,
decumbent.accountant,available,52,1%,9,"Healthcare,Medicine,Science",,,
lxxxvii.accountant,available,52,1%,7,Mathematics,,,
ninetyone.accountant,available,52,5%,10,Mathematics,,,
sixtyfive.accountant,available,52,3%,10,Mathematics,,,
lxvii.accountant,available,52,1%,5,Mathematics,,,
lxxii.accountant,available,52,1%,5,Mathematics,,,
eightyone.accountant,available,52,3%,10,Mathematics,,,
acquitted.accountant,available,50,1%,9,Law,,,
acerb.accountant,available,50,2%,5,Science,,,
ogdoad.accountant,available,50,1%,6,Mathematics,,,
scummy.accountant,available,50,1%,6,Humanities,,,
needlelike.accountant,available,50,0%,10,"Engineering,Medicine,Science",,,
abactinal.accountant,available,50,0%,9,Science,,,
spinous.accountant,available,50,1%,7,"Agriculture,Science",,,
abomasal.accountant,available,50,0%,8,Agriculture,,,
acapnotic.accountant,available,50,0%,9,"Healthcare,Medicine,Science",,,
adactylous.accountant,available,50,0%,10,Science,,,
vinegary.accountant,available,50,1%,8,Food and Beverage,,,
adhominem.accountant,available,50,2%,10,"Humanities,Law,Politics",,,
acetous.accountant,available,50,1%,7,Science,,,
quint.accountant,available,50,13%,5,"Arts,Entertainment",,,
acapnic.accountant,available,50,0%,7,"Healthcare,Medicine,Science",,,
triplet.accountant,available,50,8%,7,Science,,,
acaudal.accountant,available,50,1%,7,"Agriculture,Science",,,
acerose.accountant,available,50,1%,7,Science,,,
acerbic.accountant,available,50,2%,7,"Arts,Humanities,Media",,,
cinque.accountant,available,50,7%,6,Mathematics,,,
gillless.accountant,available,50,0%,9,Science,,,
trine.accountant,available,50,11%,5,"General,Religion",,,
lxx.accountant,available,50,5%,3,Mathematics,,,
abbatial.accountant,available,50,0%,8,Religion,,,
acetose.accountant,available,50,1%,7,Science,,,
broached.accountant,available,50,0%,8,Food and Beverage,,,
aborticide.accountant,available,50,0%,10,Medicine,,,
aculeated.accountant,available,50,0%,9,"Engineering,Medicine,Science",,,
abducting.accountant,available,50,0%,9,Medicine,,,
acellular.accountant,available,50,1%,9,Science,,,
abranchial.accountant,available,50,0%,10,Science,,,
abdicable.accountant,available,50,0%,9,Law,,,
ilxxx.accountant,available,48,1%,5,Mathematics,,,
abstracted.accountant,available,48,5%,10,"Arts,Humanities,Science",,,
apriori.accountant,available,48,13%,8,Mathematics,,,
abyssal.accountant,available,48,12%,7,"Arts,Entertainment,Media",,,
execrable.accountant,available,48,0%,9,"Entertainment,Humanities",,,
lxxxviii.accountant,available,48,1%,8,Mathematics,,,
ilxx.accountant,available,48,1%,4,Mathematics,,,
notguilty.accountant,available,48,5%,10,Law,,,
stripling.accountant,available,46,2%,9,"Education,Entertainment,Healthcare",,,
acetabular.accountant,available,46,1%,10,Science,,,
vinegarish.accountant,available,46,1%,10,Food and Beverage,,,
acarpelous.accountant,available,46,0%,10,"Agriculture,Science",,,
acanthoid.accountant,available,46,1%,9,"Agriculture,Science",,,
acicular.accountant,available,46,2%,8,Science,,,
acetylic.accountant,available,46,1%,8,Science,,,
stemless.accountant,available,46,2%,8,"Agriculture,Science",,,
acanthous.accountant,available,46,0%,9,"Agriculture,Science",,,
acarpous.accountant,available,46,0%,8,"Agriculture,Science",,,
achromic.accountant,available,46,2%,8,Science,,,
acetonic.accountant,available,46,1%,8,Science,,,
acetylenic.accountant,available,46,1%,10,Science,,,
acapnial.accountant,available,46,0%,8,"Healthcare,Medicine,Science",,,
acheronian.accountant,available,46,1%,10,Humanities,,,
cotyloid.accountant,available,46,1%,8,Science,,,
acaudate.accountant,available,46,1%,8,"Agriculture,Science",,,
achenial.accountant,available,46,1%,8,Science,,,
quaternary.accountant,available,46,3%,10,Mathematics,,,
acephalous.accountant,available,46,1%,10,Science,,,
acanthotic.accountant,available,46,0%,10,"Agriculture,Science",,,
achromous.accountant,available,46,1%,9,Science,,,
theabsurd.accountant,available,46,1%,10,"Arts,Entertainment,Media",,,
acherontic.accountant,available,44,1%,10,Humanities,,,
accusatory.accountant,available,44,1%,10,Law,,,
cotyloidal.accountant,available,44,1%,10,Science,,,
phoebe.accountant,available,41,14%,6,Science,,,
abscessed.accountant,available,41,0%,9,Healthcare,,,
scurrilous.accountant,available,40,1%,10,"Entertainment,Media,Politics",,,
accurst.accountant,available,40,1%,7,Religion,,,
accusive.accountant,available,40,1%,8,Law,,,